time,location,transaction_type,amount,currency,account_id
2023-02-26 11:05:00,Lausanne,withdrawal,2434.85,USD,4289
2023-02-27 00:19:00,Zurich,deposit,3856.44,CHF,5787
2023-01-16 01:44:00,Geneva,withdrawal,3630.08,EUR,4161
2023-03-06 22:14:00,Lausanne,transfer,885.75,USD,8340
2023-02-26 02:49:00,Lausanne,transfer,3635.79,CHF,4709
2023-02-16 11:10:00,Lausanne,transfer,4938.55,USD,1736
2023-02-02 22:33:00,Zurich,deposit,1469.45,USD,4557
2023-03-03 08:37:00,Zurich,deposit,3339.61,USD,7028
2023-02-14 14:08:00,Lausanne,withdrawal,421.52,USD,1939
2023-01-15 11:18:00,Lausanne,deposit,1457.41,USD,1623
2023-02-23 03:24:00,Geneva,deposit,161.46,USD,4703
2023-01-28 10:52:00,Geneva,withdrawal,4263.39,CHF,9417
2023-02-28 08:59:00,Bern,deposit,2719.0,USD,9447
2023-01-03 15:12:00,Zurich,transfer,606.84,CHF,5992
2023-01-23 05:55:00,Lausanne,withdrawal,4416.31,EUR,1030
2023-02-11 22:05:00,Geneva,transfer,2902.73,CHF,5297
2023-01-04 06:36:00,Geneva,withdrawal,3341.11,USD,2292
2023-03-01 18:54:00,Bern,transfer,3532.26,EUR,7242
2023-02-13 00:34:00,Geneva,withdrawal,4676.52,EUR,4254
2023-02-28 04:20:00,Bern,withdrawal,2023.05,EUR,6733
2023-01-02 08:32:00,Basel,withdrawal,1313.0,USD,4607
2023-02-21 22:16:00,Geneva,deposit,1265.39,CHF,5183
2023-01-08 07:21:00,Geneva,deposit,3093.07,USD,6620
2023-03-09 18:39:00,Zurich,deposit,1246.52,USD,4009
2023-03-09 00:56:00,Zurich,deposit,543.66,USD,3481
2023-01-07 04:40:00,Zurich,deposit,4217.86,CHF,2666
2023-02-14 18:33:00,Geneva,transfer,1388.59,EUR,8603
2023-03-09 00:19:00,Bern,deposit,168.38,EUR,4770
2023-01-20 22:03:00,Bern,transfer,1854.59,EUR,4714
2023-01-13 05:44:00,Basel,deposit,2237.1,USD,7361
2023-02-22 23:37:00,Bern,withdrawal,3436.11,EUR,7675
2023-03-01 14:15:00,Geneva,transfer,1375.51,USD,2198
2023-01-22 14:17:00,Geneva,transfer,830.32,EUR,7341
2023-03-03 13:03:00,Zurich,deposit,4173.0,EUR,1426
2023-01-13 06:14:00,Bern,withdrawal,543.52,EUR,2328
2023-01-31 01:57:00,Zurich,withdrawal,2231.75,EUR,1811
2023-03-08 17:06:00,Basel,withdrawal,4621.64,EUR,7314
2023-01-16 11:40:00,Lausanne,transfer,1220.63,EUR,3188
2023-02-09 23:32:00,Geneva,transfer,1134.37,USD,6931
2023-02-22 14:43:00,Basel,withdrawal,875.38,EUR,6081
2023-01-22 18:56:00,Basel,withdrawal,3298.77,CHF,6574
2023-02-28 11:23:00,Lausanne,deposit,3298.72,EUR,1824
2023-02-06 16:04:00,Basel,deposit,3636.69,EUR,6336
2023-02-03 00:17:00,Basel,transfer,3388.31,CHF,3072
2023-02-19 04:45:00,Geneva,withdrawal,809.32,USD,6282
2023-01-08 19:56:00,Basel,withdrawal,2598.6,EUR,2682
2023-01-03 11:43:00,Basel,withdrawal,1127.82,USD,2357
2023-02-28 01:39:00,Zurich,withdrawal,3095.35,EUR,9422
2023-01-26 15:04:00,Bern,transfer,4706.89,USD,2751
2023-01-25 17:23:00,Zurich,withdrawal,1319.81,EUR,3227
2023-03-01 04:33:00,Geneva,deposit,3186.9,EUR,7704
2023-02-24 19:48:00,Bern,transfer,1483.23,USD,4670
2023-01-09 17:39:00,Geneva,deposit,4338.68,CHF,3330
2023-03-02 01:33:00,Basel,withdrawal,798.28,EUR,6659
2023-02-13 01:01:00,Geneva,deposit,2274.74,CHF,7707
2023-01-14 12:31:00,Geneva,withdrawal,1369.3,CHF,6675
2023-01-17 07:36:00,Basel,transfer,2008.56,EUR,6769
2023-02-21 14:46:00,Geneva,withdrawal,129.56,EUR,6838
2023-01-30 19:48:00,Bern,transfer,347.65,EUR,8187
2023-02-08 11:37:00,Basel,transfer,2332.77,USD,6460
2023-01-25 20:54:00,Zurich,transfer,2644.16,USD,7770
2023-01-19 04:08:00,Zurich,deposit,3110.68,CHF,7024
2023-03-11 08:49:00,Lausanne,deposit,1828.2,USD,1354
2023-01-11 14:18:00,Lausanne,transfer,1122.21,EUR,8443
2023-02-22 09:43:00,Lausanne,withdrawal,1385.27,EUR,8962
2023-01-27 16:48:00,Geneva,transfer,849.7,CHF,4432
2023-02-25 15:07:00,Basel,withdrawal,4143.9,EUR,3944
2023-03-08 01:54:00,Bern,deposit,3539.9,CHF,5428
2023-02-17 14:36:00,Bern,withdrawal,1410.38,CHF,9575
2023-01-08 22:57:00,Lausanne,transfer,1149.24,CHF,3526
2023-02-27 10:13:00,Lausanne,withdrawal,3809.07,CHF,9067
2023-01-01 16:22:00,Basel,deposit,196.43,CHF,3958
2023-02-23 07:00:00,Zurich,deposit,1164.47,USD,5883
2023-02-15 15:23:00,Zurich,deposit,3705.17,CHF,2164
2023-02-17 22:10:00,Lausanne,deposit,4530.88,EUR,6618
2023-01-29 06:34:00,Bern,deposit,4138.06,CHF,3958
2023-01-02 09:14:00,Zurich,withdrawal,150.51,EUR,4250
2023-02-27 17:19:00,Geneva,withdrawal,2075.53,CHF,5940
2023-03-10 01:24:00,Geneva,withdrawal,3378.07,EUR,6724
2023-02-15 08:37:00,Geneva,transfer,2001.15,USD,6278
2023-03-03 08:04:00,Basel,deposit,3682.32,CHF,1446
2023-03-01 23:19:00,Bern,transfer,875.43,EUR,8142
2023-01-20 18:43:00,Lausanne,transfer,835.79,USD,7572
2023-01-13 02:23:00,Lausanne,withdrawal,4736.98,CHF,1988
2023-02-19 14:11:00,Lausanne,deposit,393.3,USD,9122
2023-02-16 06:24:00,Zurich,deposit,1205.31,USD,2065
2023-02-28 11:46:00,Geneva,deposit,1917.85,EUR,1449
2023-03-08 00:17:00,Bern,transfer,2858.53,EUR,3607
2023-03-05 05:15:00,Basel,withdrawal,482.58,CHF,6336
2023-02-18 22:07:00,Zurich,withdrawal,2444.53,EUR,3983
2023-01-19 16:35:00,Zurich,deposit,1795.53,USD,9461
2023-02-19 02:53:00,Zurich,transfer,1037.79,EUR,7066
2023-01-02 16:13:00,Geneva,deposit,550.21,CHF,6690
2023-01-10 18:03:00,Lausanne,deposit,4365.69,CHF,5094
2023-02-02 06:00:00,Basel,transfer,1164.32,CHF,6321
2023-03-03 06:40:00,Basel,withdrawal,4685.33,CHF,3874
2023-02-09 05:39:00,Lausanne,transfer,4623.68,USD,4525
2023-02-16 20:14:00,Geneva,withdrawal,2041.01,EUR,8933
2023-02-22 21:54:00,Bern,deposit,940.18,CHF,7599
2023-01-10 13:19:00,Basel,transfer,3487.21,EUR,2165
2023-01-31 03:19:00,Bern,transfer,1446.53,EUR,5693
2023-02-08 11:13:00,Geneva,deposit,3743.79,USD,4932
2023-01-03 22:15:00,Geneva,withdrawal,1694.49,USD,5119
2023-01-18 22:48:00,Geneva,transfer,4991.53,CHF,6938
2023-02-11 09:12:00,Bern,transfer,2910.86,USD,4756
2023-01-18 06:02:00,Lausanne,deposit,2518.31,CHF,3048
2023-02-14 01:04:00,Zurich,withdrawal,916.33,EUR,9804
2023-02-19 07:19:00,Zurich,transfer,3471.45,EUR,7285
2023-02-03 07:45:00,Geneva,transfer,1781.12,EUR,6910
2023-02-03 02:42:00,Basel,transfer,4940.18,CHF,9981
2023-03-11 00:52:00,Zurich,deposit,3523.26,EUR,1752
2023-01-27 19:29:00,Geneva,deposit,658.31,USD,7791
2023-02-26 01:32:00,Lausanne,deposit,3810.91,CHF,6815
2023-01-20 02:48:00,Basel,withdrawal,716.2,CHF,8582
2023-01-25 12:53:00,Bern,withdrawal,2607.64,USD,1800
2023-01-30 17:57:00,Geneva,withdrawal,4034.04,CHF,3648
2023-03-06 12:27:00,Basel,transfer,3060.22,CHF,1574
2023-01-15 09:03:00,Lausanne,withdrawal,398.28,EUR,2858
2023-02-18 14:44:00,Geneva,transfer,2934.63,USD,8972
2023-02-10 23:25:00,Geneva,withdrawal,381.85,CHF,6441
2023-02-25 09:37:00,Zurich,transfer,255.84,CHF,4320
2023-03-05 12:57:00,Basel,transfer,3188.49,EUR,9483
2023-01-15 14:40:00,Bern,transfer,919.56,EUR,3887
2023-02-10 01:52:00,Geneva,transfer,1868.8,USD,2199
2023-01-19 09:08:00,Lausanne,withdrawal,3352.21,EUR,5306
2023-01-21 18:48:00,Bern,deposit,2634.2,CHF,5960
2023-02-17 22:42:00,Basel,transfer,4659.49,USD,8798
2023-01-27 01:35:00,Zurich,withdrawal,3600.29,CHF,7499
2023-02-20 14:34:00,Basel,withdrawal,3254.54,USD,3901
2023-03-09 02:03:00,Lausanne,deposit,4596.11,CHF,9457
2023-01-18 19:17:00,Bern,withdrawal,1484.39,USD,9909
2023-01-01 00:52:00,Basel,withdrawal,3415.86,EUR,2838
2023-01-21 13:08:00,Zurich,deposit,1757.59,EUR,7720
2023-01-06 03:49:00,Bern,withdrawal,1157.36,EUR,8232
2023-02-19 18:10:00,Geneva,withdrawal,1012.41,CHF,5895
2023-02-14 11:24:00,Basel,transfer,610.81,CHF,6611
2023-02-04 08:39:00,Zurich,deposit,917.22,USD,4712
2023-03-07 03:21:00,Bern,transfer,4612.04,USD,6098
2023-02-16 16:26:00,Bern,deposit,955.61,CHF,1842
2023-01-19 22:46:00,Basel,withdrawal,272.93,EUR,7800
2023-02-11 13:16:00,Bern,deposit,616.99,CHF,8612
2023-02-27 11:26:00,Geneva,transfer,2004.46,EUR,2118
2023-01-31 21:21:00,Zurich,deposit,1040.23,EUR,8427
2023-02-10 23:46:00,Basel,deposit,3903.76,CHF,9742
2023-03-11 09:46:00,Geneva,withdrawal,4484.26,USD,6405
2023-01-29 11:52:00,Geneva,deposit,4698.15,EUR,1486
2023-02-08 00:37:00,Zurich,withdrawal,4821.97,CHF,2805
2023-02-27 01:58:00,Basel,withdrawal,1851.57,CHF,4435
2023-03-04 02:36:00,Basel,withdrawal,2230.68,EUR,8787
2023-01-03 10:45:00,Basel,transfer,1173.87,USD,2073
2023-02-14 11:22:00,Zurich,deposit,1155.54,CHF,3194
2023-01-24 03:03:00,Zurich,transfer,3823.65,CHF,8686
2023-01-27 18:27:00,Basel,transfer,1674.92,USD,6041
2023-01-07 08:45:00,Bern,withdrawal,4932.97,EUR,5051
2023-01-27 00:34:00,Bern,transfer,3942.9,EUR,1199
2023-03-01 13:32:00,Basel,deposit,600.23,EUR,9486
2023-02-14 18:39:00,Lausanne,transfer,4653.99,CHF,4770
2023-01-14 00:05:00,Geneva,withdrawal,1013.69,CHF,1876
2023-01-17 06:04:00,Basel,withdrawal,1568.23,USD,8634
2023-02-26 21:01:00,Bern,withdrawal,3962.1,CHF,5683
2023-01-21 08:18:00,Bern,transfer,564.86,CHF,2009
2023-01-01 08:30:00,Lausanne,deposit,2784.23,CHF,8393
2023-01-29 08:15:00,Basel,deposit,3281.49,CHF,3509
2023-02-15 17:24:00,Bern,withdrawal,3106.71,EUR,3927
2023-01-30 07:17:00,Zurich,withdrawal,1388.64,USD,6198
2023-02-04 09:48:00,Bern,deposit,1324.79,USD,2519
2023-02-07 10:13:00,Zurich,deposit,2723.04,CHF,6348
2023-03-02 07:39:00,Zurich,transfer,2198.87,CHF,1893
2023-01-25 07:22:00,Lausanne,deposit,862.52,CHF,2309
2023-02-24 17:29:00,Zurich,deposit,4302.76,EUR,1337
2023-01-21 09:35:00,Bern,deposit,3919.12,CHF,4925
2023-01-29 23:38:00,Lausanne,deposit,1372.01,EUR,4605
2023-02-28 15:04:00,Zurich,withdrawal,1034.11,USD,7760
2023-02-28 06:40:00,Bern,withdrawal,2201.9,EUR,5386
2023-01-14 23:16:00,Zurich,withdrawal,2701.11,CHF,7875
2023-02-13 17:38:00,Zurich,deposit,2747.07,CHF,8429
2023-02-09 09:09:00,Basel,withdrawal,2108.45,USD,9808
2023-01-04 20:14:00,Bern,transfer,4955.4,EUR,7729
2023-01-20 22:48:00,Geneva,transfer,3974.87,CHF,2360
2023-03-09 09:30:00,Bern,deposit,1517.85,CHF,7803
2023-03-05 08:29:00,Geneva,withdrawal,4954.36,EUR,9759
2023-02-11 14:25:00,Zurich,withdrawal,3117.16,CHF,5016
2023-01-13 06:03:00,Lausanne,deposit,4627.63,USD,2434
2023-01-18 00:53:00,Lausanne,transfer,211.81,USD,2744
2023-02-05 13:57:00,Lausanne,withdrawal,4110.26,CHF,8701
2023-02-08 09:52:00,Zurich,withdrawal,602.59,USD,6170
2023-01-06 01:43:00,Bern,withdrawal,295.63,EUR,5395
2023-03-08 14:37:00,Geneva,deposit,3119.87,CHF,9485
2023-01-15 18:17:00,Zurich,transfer,2033.34,USD,4226
2023-01-23 17:09:00,Bern,transfer,637.02,CHF,2013
2023-02-27 10:38:00,Zurich,withdrawal,3871.66,CHF,3887
2023-01-23 14:21:00,Zurich,withdrawal,2279.7,CHF,2152
2023-01-06 14:47:00,Geneva,deposit,441.02,USD,7302
2023-02-03 12:26:00,Bern,withdrawal,1640.33,USD,1038
2023-03-09 17:03:00,Geneva,deposit,3239.31,EUR,3757
2023-02-07 18:08:00,Zurich,transfer,3532.2,CHF,3395
2023-02-12 07:44:00,Geneva,withdrawal,3305.54,EUR,7865
2023-01-16 06:15:00,Lausanne,transfer,4140.82,EUR,4722
2023-01-07 20:15:00,Bern,withdrawal,4597.85,EUR,6406
2023-02-22 05:56:00,Basel,withdrawal,459.15,EUR,4795
2023-03-10 20:56:00,Zurich,deposit,3012.07,USD,1378
2023-01-14 22:41:00,Bern,withdrawal,3952.37,EUR,8951
2023-03-07 18:38:00,Bern,deposit,2719.83,EUR,4525
2023-03-10 22:11:00,Bern,transfer,1359.35,USD,6556
2023-03-04 14:25:00,Bern,deposit,2466.72,EUR,2518
2023-02-09 08:38:00,Geneva,withdrawal,766.96,CHF,4949
2023-01-10 08:23:00,Basel,deposit,2433.96,USD,7682
2023-03-01 19:13:00,Bern,withdrawal,1729.75,EUR,9199
2023-01-06 16:02:00,Geneva,transfer,808.43,USD,7973
2023-01-17 20:52:00,Bern,deposit,2038.02,USD,7321
2023-03-05 00:43:00,Lausanne,transfer,341.88,CHF,8673
2023-02-28 01:55:00,Zurich,deposit,3260.69,CHF,7326
2023-02-27 10:49:00,Geneva,withdrawal,561.27,USD,2630
2023-01-19 22:13:00,Basel,transfer,1346.61,CHF,5328
2023-02-16 12:49:00,Basel,withdrawal,1575.41,EUR,9967
2023-01-03 08:56:00,Zurich,transfer,599.55,CHF,8995
2023-03-01 02:42:00,Geneva,deposit,4821.33,USD,7602
2023-01-02 07:58:00,Geneva,deposit,4925.25,EUR,3263
2023-03-01 00:35:00,Lausanne,deposit,3933.4,CHF,9686
2023-01-25 15:51:00,Zurich,withdrawal,1320.4,CHF,2271
2023-01-28 10:02:00,Basel,withdrawal,2006.51,CHF,6041
2023-03-06 05:52:00,Lausanne,transfer,1715.24,CHF,7723
2023-01-13 18:06:00,Lausanne,withdrawal,3858.75,EUR,4951
2023-02-18 00:29:00,Basel,deposit,3936.64,USD,9882
2023-02-06 03:19:00,Bern,deposit,3381.58,EUR,8254
2023-02-27 18:13:00,Zurich,transfer,3053.7,USD,1703
2023-01-19 18:53:00,Bern,transfer,4847.31,CHF,7818
2023-02-26 15:32:00,Zurich,withdrawal,2355.03,USD,2606
2023-01-07 19:05:00,Geneva,transfer,2617.45,USD,6908
2023-02-22 21:18:00,Lausanne,deposit,4934.37,CHF,2636
2023-01-02 00:51:00,Zurich,transfer,1794.01,USD,7491
2023-01-06 19:11:00,Geneva,deposit,1502.83,USD,7949
2023-01-10 20:46:00,Basel,withdrawal,377.76,USD,6390
2023-01-31 07:04:00,Lausanne,transfer,287.36,CHF,4709
2023-02-16 17:20:00,Lausanne,withdrawal,982.08,EUR,7282
2023-01-01 18:10:00,Zurich,transfer,2738.98,USD,1431
2023-02-26 11:20:00,Lausanne,transfer,1078.12,USD,1771
2023-01-05 19:47:00,Bern,withdrawal,2810.9,CHF,6404
2023-02-21 10:22:00,Zurich,withdrawal,1579.69,USD,6458
2023-01-07 16:34:00,Geneva,deposit,4683.83,CHF,6093
2023-01-15 07:50:00,Bern,deposit,2507.67,USD,2560
2023-01-04 19:35:00,Basel,transfer,4607.72,USD,1594
2023-02-17 13:06:00,Bern,deposit,2230.27,CHF,6902
2023-01-15 10:09:00,Geneva,transfer,3904.04,USD,2694
2023-01-25 01:45:00,Geneva,transfer,1627.22,USD,2259
2023-02-06 04:49:00,Basel,withdrawal,727.42,EUR,5895
2023-01-14 07:05:00,Basel,deposit,4235.25,USD,5209
2023-03-05 10:41:00,Lausanne,transfer,2023.93,CHF,9463
2023-03-02 17:31:00,Zurich,withdrawal,1634.97,CHF,3709
2023-01-01 22:16:00,Basel,withdrawal,1496.46,CHF,9794
2023-03-01 02:40:00,Basel,withdrawal,274.95,USD,3285
2023-01-10 15:35:00,Zurich,transfer,4935.41,CHF,7427
2023-02-12 03:26:00,Zurich,withdrawal,4436.41,CHF,6968
2023-01-28 00:20:00,Lausanne,deposit,4217.72,USD,1531
2023-01-31 06:41:00,Bern,withdrawal,3656.37,USD,1289
2023-01-23 21:14:00,Bern,withdrawal,3995.33,CHF,5752
2023-02-09 01:23:00,Bern,transfer,3625.8,CHF,7273
2023-01-27 21:31:00,Lausanne,withdrawal,1921.02,USD,3025
2023-03-07 19:11:00,Lausanne,transfer,848.2,EUR,7961
2023-01-22 19:29:00,Bern,deposit,706.05,USD,6093
2023-02-24 18:26:00,Geneva,withdrawal,4330.54,CHF,9945
2023-01-29 20:15:00,Basel,deposit,4549.98,EUR,1253
2023-02-15 18:38:00,Basel,withdrawal,1106.14,USD,3263
2023-01-17 06:02:00,Lausanne,withdrawal,4644.38,USD,7276
2023-02-28 04:46:00,Lausanne,withdrawal,4090.82,USD,6914
2023-01-13 05:37:00,Bern,deposit,3833.46,USD,6627
2023-02-17 14:45:00,Lausanne,withdrawal,2875.85,CHF,7054
2023-02-10 22:35:00,Bern,withdrawal,989.01,EUR,6840
2023-02-19 21:21:00,Basel,withdrawal,1570.45,EUR,9648
2023-02-17 13:34:00,Zurich,deposit,2350.42,USD,2158
2023-03-07 11:47:00,Bern,withdrawal,4678.01,EUR,5216
2023-03-08 07:20:00,Basel,transfer,1169.03,USD,3013
2023-01-05 04:00:00,Bern,withdrawal,3052.7,EUR,6362
2023-02-09 02:51:00,Zurich,deposit,2852.36,USD,3403
2023-03-07 02:53:00,Geneva,withdrawal,1559.91,EUR,7527
2023-01-19 14:15:00,Bern,deposit,4555.16,USD,7174
2023-01-04 16:07:00,Zurich,withdrawal,3605.22,USD,5842
2023-01-21 18:26:00,Lausanne,withdrawal,3696.51,USD,3514
2023-02-21 01:41:00,Zurich,deposit,2786.73,CHF,2675
2023-01-19 04:49:00,Lausanne,withdrawal,3086.22,EUR,7778
2023-01-04 03:52:00,Zurich,withdrawal,2864.31,CHF,9425
2023-01-11 01:18:00,Geneva,deposit,399.72,EUR,2291
2023-02-03 17:46:00,Lausanne,withdrawal,2596.23,EUR,7524
2023-03-03 19:16:00,Geneva,withdrawal,2797.51,USD,8323
2023-01-28 15:28:00,Geneva,transfer,3156.4,EUR,4234
2023-01-03 04:15:00,Geneva,deposit,983.32,CHF,5257
2023-01-31 19:59:00,Bern,deposit,1052.46,EUR,4162
2023-01-18 08:30:00,Geneva,deposit,404.5,EUR,4463
2023-02-10 14:22:00,Basel,withdrawal,1376.21,EUR,4842
2023-01-04 20:42:00,Zurich,transfer,442.34,CHF,8213
2023-02-21 23:36:00,Basel,transfer,238.02,EUR,7551
2023-02-21 18:24:00,Basel,deposit,4146.64,EUR,1548
2023-03-09 16:38:00,Lausanne,withdrawal,4021.16,EUR,2983
2023-01-17 15:15:00,Zurich,transfer,3959.15,EUR,2901
2023-01-02 16:05:00,Zurich,withdrawal,4260.04,EUR,4919
2023-02-13 09:12:00,Lausanne,transfer,2163.13,CHF,9600
2023-02-06 10:37:00,Geneva,transfer,4428.73,CHF,1734
2023-01-09 04:15:00,Geneva,withdrawal,4559.52,USD,3875
2023-03-04 10:17:00,Geneva,deposit,3910.14,CHF,8577
2023-02-10 18:05:00,Lausanne,withdrawal,4503.58,USD,7722
2023-02-09 09:53:00,Basel,deposit,1838.62,USD,2991
2023-01-13 01:29:00,Lausanne,deposit,3762.53,CHF,3148
2023-01-22 06:32:00,Zurich,withdrawal,2730.61,USD,7930
2023-02-19 21:55:00,Basel,deposit,2455.94,CHF,2971
2023-02-26 11:10:00,Lausanne,withdrawal,3029.82,CHF,1010
2023-01-10 17:25:00,Bern,deposit,3000.97,USD,2141
2023-01-25 10:36:00,Geneva,withdrawal,2626.37,CHF,9854
2023-01-07 02:44:00,Bern,withdrawal,2613.26,USD,2119
2023-01-30 20:44:00,Zurich,deposit,2503.45,CHF,3880
2023-02-16 14:45:00,Lausanne,deposit,1446.14,CHF,1752
2023-01-15 06:17:00,Bern,withdrawal,3867.6,CHF,7290
2023-01-06 22:08:00,Bern,withdrawal,2399.12,USD,5096
2023-03-05 10:20:00,Geneva,transfer,3454.0,EUR,8875
2023-01-27 02:44:00,Basel,transfer,4679.81,USD,6233
2023-02-08 07:49:00,Zurich,deposit,2583.3,EUR,2034
2023-01-23 13:48:00,Basel,transfer,3497.06,USD,4289
2023-01-01 12:18:00,Bern,transfer,3367.41,EUR,9146
2023-02-11 00:14:00,Zurich,withdrawal,4253.0,EUR,1491
2023-02-13 22:43:00,Basel,deposit,2935.43,EUR,7228
2023-01-12 22:52:00,Basel,deposit,4906.77,USD,6491
2023-01-02 17:44:00,Basel,deposit,4237.26,USD,9148
2023-03-09 13:22:00,Zurich,withdrawal,1075.94,EUR,6670
2023-01-07 15:15:00,Zurich,withdrawal,4838.9,USD,5054
2023-02-06 01:35:00,Basel,deposit,2312.74,USD,6543
2023-01-04 01:22:00,Basel,withdrawal,1685.72,USD,9031
2023-01-26 17:10:00,Geneva,transfer,353.04,CHF,8833
2023-02-16 00:20:00,Geneva,deposit,413.2,EUR,4587
2023-02-12 10:27:00,Zurich,transfer,2178.25,CHF,4161
2023-01-15 16:16:00,Zurich,transfer,3926.05,EUR,3069
2023-02-04 21:02:00,Lausanne,transfer,3076.24,EUR,4433
2023-02-06 12:06:00,Zurich,withdrawal,4245.81,USD,4172
2023-01-22 19:31:00,Lausanne,transfer,4467.49,USD,3923
2023-01-01 18:34:00,Basel,transfer,2039.86,CHF,9635
2023-01-07 09:48:00,Bern,withdrawal,1254.83,USD,5810
2023-01-31 08:45:00,Geneva,deposit,3203.35,EUR,5224
2023-03-07 11:18:00,Basel,withdrawal,3276.96,CHF,6804
2023-01-14 01:01:00,Basel,deposit,4977.78,EUR,6847
2023-02-22 21:17:00,Basel,deposit,3919.94,USD,8107
2023-02-25 20:47:00,Basel,deposit,3257.31,EUR,2366
2023-01-02 18:18:00,Lausanne,transfer,950.09,EUR,5084
2023-02-08 00:45:00,Lausanne,withdrawal,2262.1,USD,5350
2023-02-16 02:19:00,Lausanne,withdrawal,1461.24,USD,9341
2023-03-10 22:17:00,Zurich,transfer,4077.04,USD,5813
2023-02-17 09:30:00,Zurich,withdrawal,2325.12,USD,2402
2023-01-17 16:15:00,Zurich,transfer,660.97,EUR,5401
2023-02-28 20:22:00,Zurich,transfer,2350.19,EUR,3063
2023-01-08 00:29:00,Geneva,deposit,3990.65,CHF,1104
2023-01-24 01:50:00,Bern,withdrawal,1701.6,EUR,9990
2023-03-07 16:49:00,Geneva,withdrawal,2412.66,EUR,9131
2023-02-28 07:36:00,Geneva,withdrawal,3175.84,USD,2021
2023-02-12 08:06:00,Zurich,deposit,3077.22,CHF,7297
2023-01-27 03:41:00,Bern,deposit,2972.74,CHF,6841
2023-03-10 19:10:00,Basel,deposit,2774.11,USD,2192
2023-02-27 12:07:00,Geneva,transfer,1594.78,EUR,6771
2023-01-10 18:49:00,Lausanne,withdrawal,1045.35,CHF,5845
2023-01-11 07:44:00,Basel,deposit,1558.05,EUR,3054
2023-01-30 06:21:00,Basel,transfer,953.37,CHF,4166
2023-01-11 01:35:00,Zurich,deposit,4653.63,EUR,5193
2023-03-11 03:11:00,Bern,deposit,2323.43,USD,6654
2023-02-03 16:42:00,Zurich,withdrawal,4940.92,CHF,9072
2023-01-20 06:52:00,Geneva,withdrawal,783.48,USD,6826
2023-02-09 05:36:00,Basel,withdrawal,3235.65,USD,7475
2023-03-11 05:59:00,Geneva,deposit,169.78,USD,8636
2023-02-11 01:23:00,Basel,transfer,3223.69,USD,4537
2023-01-04 22:51:00,Geneva,deposit,2504.65,CHF,5324
2023-01-03 20:48:00,Geneva,transfer,1365.12,EUR,4526
2023-02-10 09:44:00,Bern,transfer,2124.2,CHF,5791
2023-01-10 22:49:00,Geneva,transfer,1425.09,USD,2424
2023-01-06 06:16:00,Basel,withdrawal,683.74,USD,1494
2023-01-04 06:32:00,Lausanne,transfer,4032.96,CHF,1822
2023-02-21 04:54:00,Bern,transfer,2649.27,CHF,9164
2023-01-30 06:56:00,Bern,transfer,456.53,USD,5956
2023-01-25 10:38:00,Bern,withdrawal,1215.8,USD,9478
2023-03-10 07:29:00,Lausanne,withdrawal,4317.47,CHF,6279
2023-01-05 18:10:00,Geneva,deposit,3154.69,CHF,8731
2023-03-04 02:02:00,Bern,transfer,424.93,EUR,5236
2023-01-04 15:32:00,Geneva,deposit,4340.67,EUR,7657
2023-03-06 21:59:00,Bern,deposit,2226.71,USD,4150
2023-01-25 04:48:00,Basel,withdrawal,814.86,USD,9735
2023-01-05 16:18:00,Lausanne,withdrawal,1524.83,USD,8240
2023-02-03 12:46:00,Zurich,deposit,2441.63,EUR,8322
2023-02-24 16:07:00,Basel,deposit,3475.45,USD,3570
2023-02-19 04:33:00,Bern,deposit,616.71,CHF,4021
2023-02-11 22:37:00,Bern,deposit,749.79,USD,4451
2023-01-13 20:16:00,Lausanne,withdrawal,127.18,USD,6861
2023-02-14 10:11:00,Bern,transfer,3121.01,USD,5088
2023-01-17 13:03:00,Basel,deposit,1981.91,USD,8396
2023-02-08 19:30:00,Lausanne,withdrawal,706.59,USD,6403
2023-02-07 18:29:00,Geneva,transfer,2851.46,EUR,8083
2023-01-24 21:14:00,Lausanne,withdrawal,3328.94,USD,8454
2023-02-01 00:11:00,Geneva,withdrawal,2460.52,USD,4588
2023-01-04 20:22:00,Basel,withdrawal,2555.04,EUR,6255
2023-02-12 22:08:00,Geneva,withdrawal,4188.06,CHF,4200
2023-01-31 13:21:00,Basel,withdrawal,4009.26,EUR,4853
2023-01-27 19:58:00,Zurich,transfer,4368.77,CHF,1004
2023-01-06 05:53:00,Geneva,withdrawal,811.02,CHF,1503
2023-01-31 10:20:00,Zurich,withdrawal,4784.04,EUR,9731
2023-01-24 00:42:00,Geneva,transfer,4569.72,EUR,6923
2023-01-15 10:14:00,Geneva,transfer,3160.31,EUR,9432
2023-03-09 02:18:00,Geneva,withdrawal,1450.13,CHF,5799
2023-01-06 19:23:00,Zurich,transfer,3511.29,CHF,6837
2023-02-13 21:46:00,Geneva,deposit,1975.51,EUR,7779
2023-03-01 06:06:00,Bern,transfer,3545.47,USD,4780
2023-01-21 19:39:00,Geneva,withdrawal,4296.33,CHF,7577
2023-02-04 05:25:00,Zurich,deposit,1243.41,USD,2395
2023-01-20 18:18:00,Geneva,withdrawal,1796.27,EUR,2992
2023-03-03 02:48:00,Lausanne,deposit,4478.56,USD,9858
2023-01-22 15:32:00,Bern,deposit,3459.48,CHF,5076
2023-03-09 08:46:00,Zurich,deposit,3744.43,USD,1821
2023-01-19 09:54:00,Lausanne,deposit,4076.01,USD,3080
2023-02-20 13:08:00,Basel,deposit,3166.13,CHF,2273
2023-02-25 09:33:00,Bern,transfer,3656.95,CHF,2890
2023-02-18 00:46:00,Basel,deposit,2678.83,EUR,7194
2023-01-07 21:06:00,Zurich,transfer,3285.53,USD,2037
2023-01-16 02:32:00,Lausanne,withdrawal,4377.2,EUR,8894
2023-01-23 04:29:00,Zurich,withdrawal,974.03,EUR,4410
2023-01-17 11:55:00,Zurich,transfer,2070.49,EUR,7213
2023-02-18 21:47:00,Basel,deposit,980.34,CHF,3076
2023-01-05 17:44:00,Bern,transfer,2635.18,EUR,8508
2023-01-12 06:49:00,Geneva,transfer,1182.26,EUR,3083
2023-01-05 14:54:00,Zurich,withdrawal,4487.03,USD,7713
2023-02-28 14:46:00,Bern,transfer,2714.55,EUR,7865
2023-03-05 09:19:00,Zurich,deposit,3150.73,EUR,1254
2023-02-07 22:00:00,Lausanne,deposit,2210.22,CHF,5615
2023-03-08 12:22:00,Lausanne,transfer,1342.09,USD,7301
2023-03-06 15:02:00,Lausanne,withdrawal,4806.32,EUR,8559
2023-03-02 17:09:00,Bern,transfer,1139.08,USD,8932
2023-01-13 23:19:00,Zurich,deposit,4125.54,USD,5713
2023-02-11 00:31:00,Bern,transfer,2912.17,USD,6320
2023-02-27 17:08:00,Bern,deposit,509.88,CHF,7955
2023-03-09 12:49:00,Bern,deposit,3978.7,EUR,5792
2023-02-27 10:58:00,Bern,deposit,1135.78,USD,9756
2023-01-31 21:11:00,Geneva,deposit,3889.87,EUR,2225
2023-01-19 06:09:00,Zurich,withdrawal,454.92,EUR,7653
2023-02-19 09:18:00,Basel,transfer,4397.53,USD,4108
2023-02-22 02:46:00,Geneva,deposit,3350.76,USD,8257
2023-01-10 12:03:00,Geneva,transfer,2153.2,CHF,1116
2023-01-12 09:15:00,Basel,transfer,1760.31,CHF,6056
2023-01-12 08:23:00,Bern,deposit,1359.89,CHF,8442
2023-03-11 05:27:00,Bern,withdrawal,3943.43,EUR,6045
2023-01-14 04:47:00,Geneva,deposit,410.73,USD,7433
2023-01-09 19:31:00,Basel,withdrawal,2598.27,EUR,4343
2023-01-24 13:35:00,Zurich,withdrawal,1468.9,USD,4687
2023-01-17 00:51:00,Basel,withdrawal,4232.16,CHF,4702
2023-01-16 03:34:00,Lausanne,withdrawal,2430.44,CHF,8394
2023-01-02 16:59:00,Lausanne,deposit,487.48,EUR,6814
2023-03-08 17:57:00,Lausanne,withdrawal,2418.88,USD,5247
2023-02-17 14:05:00,Zurich,deposit,3976.41,USD,2897
2023-02-08 11:41:00,Lausanne,deposit,1041.68,EUR,1389
2023-01-13 11:37:00,Lausanne,transfer,4757.97,USD,2529
2023-01-13 03:21:00,Zurich,deposit,2827.15,EUR,8095
2023-02-20 20:47:00,Lausanne,deposit,1235.92,USD,9998
2023-01-20 00:28:00,Geneva,withdrawal,2349.51,EUR,1296
2023-03-10 09:49:00,Geneva,deposit,1725.82,USD,7819
2023-01-09 17:49:00,Basel,transfer,259.81,EUR,6933
2023-03-05 05:50:00,Zurich,transfer,3248.73,USD,2783
2023-01-15 19:14:00,Bern,withdrawal,3512.67,CHF,1798
2023-02-03 13:41:00,Geneva,withdrawal,240.68,USD,6198
2023-03-08 12:40:00,Basel,withdrawal,1078.71,EUR,8487
2023-03-05 21:13:00,Lausanne,deposit,4823.99,EUR,8582
2023-02-15 18:49:00,Basel,deposit,4850.58,CHF,6292
2023-01-01 19:50:00,Bern,deposit,2291.68,USD,4592
2023-01-22 18:05:00,Zurich,transfer,4546.36,EUR,4349
2023-01-04 20:24:00,Geneva,withdrawal,439.16,EUR,7781
2023-02-16 15:57:00,Bern,transfer,423.61,CHF,7663
2023-03-02 19:32:00,Zurich,withdrawal,442.51,CHF,2342
2023-03-05 11:49:00,Basel,transfer,4257.5,USD,7078
2023-02-27 03:07:00,Bern,deposit,4138.95,USD,3615
2023-01-29 17:20:00,Zurich,transfer,3857.13,CHF,7211
2023-01-12 11:42:00,Geneva,transfer,2024.06,CHF,8359
2023-01-20 07:47:00,Geneva,deposit,2386.58,CHF,2920
2023-02-19 07:17:00,Bern,transfer,1106.25,USD,1701
2023-03-10 07:53:00,Basel,deposit,1901.36,USD,6141
2023-01-07 06:53:00,Basel,withdrawal,3915.77,EUR,4971
2023-02-21 08:53:00,Bern,withdrawal,1289.97,USD,8016
2023-02-27 08:23:00,Lausanne,transfer,600.34,EUR,3828
2023-02-11 04:28:00,Basel,deposit,2593.67,CHF,6054
2023-01-02 23:08:00,Zurich,transfer,3578.71,CHF,3447
2023-02-21 15:58:00,Lausanne,withdrawal,3808.56,EUR,2121
2023-02-18 01:42:00,Bern,transfer,4401.13,USD,9445
2023-02-12 18:06:00,Zurich,withdrawal,1393.27,EUR,8578
2023-01-04 04:47:00,Basel,transfer,4545.03,CHF,5238
2023-01-11 09:22:00,Basel,withdrawal,831.98,CHF,3495
2023-02-07 16:59:00,Bern,transfer,3264.44,USD,8502
2023-01-22 09:51:00,Bern,transfer,2590.34,USD,4147
2023-02-13 16:08:00,Bern,deposit,4029.1,EUR,6476
2023-02-26 11:54:00,Bern,withdrawal,2699.65,EUR,1878
2023-01-31 20:14:00,Geneva,transfer,360.57,CHF,4641
2023-02-08 21:43:00,Geneva,deposit,3692.22,USD,4255
2023-01-09 18:28:00,Basel,deposit,2525.99,EUR,3578
2023-03-07 21:59:00,Bern,withdrawal,2504.57,EUR,3021
2023-01-01 12:29:00,Zurich,deposit,1084.57,USD,6265
2023-01-17 14:49:00,Basel,deposit,3002.71,CHF,8608
2023-03-10 07:30:00,Lausanne,transfer,2157.0,USD,2068
2023-02-23 16:29:00,Bern,withdrawal,738.53,CHF,8912
2023-01-21 17:54:00,Bern,deposit,655.11,CHF,3282
2023-01-12 15:58:00,Bern,deposit,4003.05,CHF,4275
2023-02-06 19:30:00,Zurich,withdrawal,876.56,CHF,7268
2023-01-03 22:39:00,Lausanne,withdrawal,4092.43,EUR,1013
2023-01-18 02:07:00,Bern,withdrawal,3054.59,USD,9821
2023-01-20 21:15:00,Zurich,deposit,4816.34,CHF,8314
2023-02-03 23:35:00,Basel,transfer,1771.65,USD,9620
2023-02-15 09:48:00,Zurich,transfer,695.2,USD,7556
2023-01-02 12:54:00,Lausanne,withdrawal,3313.69,CHF,3939
2023-02-03 23:42:00,Geneva,transfer,537.02,USD,5349
2023-01-14 09:59:00,Zurich,transfer,4417.03,CHF,7583
2023-01-14 20:04:00,Zurich,withdrawal,1175.34,EUR,7554
2023-01-18 09:27:00,Basel,withdrawal,1837.55,CHF,3826
2023-01-09 20:37:00,Zurich,deposit,2321.25,USD,6252
2023-01-14 02:41:00,Geneva,deposit,1815.88,CHF,3253
2023-01-27 14:00:00,Basel,transfer,3454.84,EUR,2924
2023-02-16 05:43:00,Zurich,transfer,2667.1,EUR,7623
2023-02-26 17:36:00,Bern,withdrawal,2857.91,CHF,4230
2023-03-05 11:28:00,Geneva,withdrawal,285.76,EUR,7110
2023-01-08 02:49:00,Zurich,transfer,1176.33,CHF,5683
2023-01-13 08:03:00,Zurich,withdrawal,3971.08,CHF,1122
2023-01-09 04:44:00,Bern,transfer,199.0,USD,9857
2023-01-12 19:36:00,Geneva,transfer,4856.03,USD,9058
2023-02-08 21:08:00,Lausanne,deposit,3312.86,USD,5748
2023-03-11 02:25:00,Zurich,withdrawal,4716.2,EUR,9936
2023-02-10 18:49:00,Lausanne,deposit,1405.7,USD,4537
2023-02-15 09:52:00,Basel,withdrawal,3705.72,CHF,7610
2023-01-05 14:06:00,Bern,deposit,1174.47,CHF,2006
2023-03-07 19:55:00,Lausanne,withdrawal,4134.02,CHF,2441
2023-01-31 01:54:00,Geneva,transfer,1746.2,USD,1422
2023-01-27 02:52:00,Zurich,transfer,2815.22,CHF,2961
2023-01-31 20:38:00,Geneva,withdrawal,4658.85,USD,8047
2023-02-22 02:04:00,Bern,transfer,2821.02,CHF,5194
2023-01-20 15:26:00,Basel,deposit,1056.88,EUR,5492
2023-02-10 22:42:00,Lausanne,deposit,4488.31,USD,4225
2023-01-05 12:21:00,Lausanne,transfer,3907.4,EUR,8077
2023-01-03 10:46:00,Zurich,withdrawal,3948.15,USD,2161
2023-03-07 00:44:00,Zurich,withdrawal,833.02,EUR,8834
2023-01-03 00:16:00,Bern,transfer,1851.37,CHF,1441
2023-02-21 21:03:00,Lausanne,transfer,1634.22,USD,4852
2023-02-09 03:49:00,Lausanne,deposit,778.39,EUR,7282
2023-01-05 17:44:00,Geneva,deposit,704.32,CHF,1636
2023-02-14 02:18:00,Bern,withdrawal,1299.42,CHF,6947
2023-01-17 13:05:00,Bern,withdrawal,2842.11,USD,8766
2023-02-19 23:14:00,Geneva,transfer,3817.27,USD,9130
2023-02-08 19:36:00,Geneva,transfer,3273.02,CHF,1977
2023-03-10 09:16:00,Zurich,withdrawal,4379.82,CHF,8123
2023-01-10 11:44:00,Bern,withdrawal,4470.11,USD,7828
2023-01-07 00:34:00,Bern,transfer,4168.8,CHF,3700
2023-02-20 02:30:00,Zurich,withdrawal,4548.68,USD,1073
2023-03-08 19:03:00,Geneva,withdrawal,688.8,CHF,9123
2023-01-25 12:38:00,Basel,deposit,3141.11,CHF,9938
2023-01-21 20:49:00,Basel,withdrawal,1880.1,CHF,6684
2023-01-18 23:26:00,Lausanne,deposit,3660.22,USD,1636
2023-02-03 17:17:00,Basel,withdrawal,2934.1,EUR,7876
2023-02-26 13:34:00,Zurich,deposit,4202.45,EUR,8325
2023-02-06 20:05:00,Lausanne,withdrawal,4396.59,USD,8159
2023-01-07 13:27:00,Basel,transfer,3666.91,EUR,8866
2023-02-03 03:59:00,Bern,transfer,4980.33,EUR,8863
2023-02-15 15:16:00,Basel,transfer,4429.4,USD,5427
2023-01-02 03:50:00,Basel,withdrawal,1467.73,EUR,2883
2023-02-07 00:56:00,Zurich,deposit,804.47,USD,9159
2023-01-13 03:56:00,Bern,withdrawal,2192.55,CHF,2126
2023-01-12 00:21:00,Basel,withdrawal,1033.42,USD,6445
2023-03-10 09:58:00,Geneva,transfer,871.4,USD,6957
2023-01-12 06:10:00,Bern,withdrawal,970.07,USD,8114
2023-01-07 00:21:00,Zurich,transfer,3738.37,USD,6137
2023-02-10 12:29:00,Basel,deposit,1374.52,CHF,4879
2023-01-18 03:31:00,Lausanne,withdrawal,3007.86,EUR,9915
2023-02-06 09:03:00,Zurich,deposit,3434.78,EUR,4173
2023-01-30 05:30:00,Bern,deposit,1442.32,EUR,1137
2023-03-10 22:33:00,Bern,transfer,2987.23,EUR,1711
2023-01-01 15:18:00,Lausanne,deposit,2457.76,CHF,6104
2023-01-26 18:23:00,Geneva,transfer,2695.72,USD,7979
2023-01-30 22:39:00,Zurich,transfer,1520.19,EUR,3180
2023-03-01 09:55:00,Zurich,transfer,4814.61,CHF,9334
2023-01-12 04:26:00,Lausanne,transfer,4208.91,USD,9491
2023-01-15 17:31:00,Bern,deposit,4611.4,EUR,7129
2023-01-24 10:34:00,Zurich,withdrawal,759.26,EUR,3155
2023-03-10 03:41:00,Lausanne,withdrawal,1236.37,USD,4387
2023-02-03 22:36:00,Lausanne,withdrawal,3489.3,EUR,9775
2023-03-06 05:01:00,Bern,deposit,674.17,EUR,7668
2023-03-03 23:16:00,Zurich,deposit,4646.33,USD,7064
2023-01-20 13:55:00,Bern,withdrawal,1987.79,USD,7950
2023-03-05 00:25:00,Geneva,transfer,4218.1,EUR,5430
2023-01-03 12:49:00,Lausanne,deposit,581.43,USD,5931
2023-01-07 18:47:00,Geneva,deposit,3223.75,USD,5476
2023-01-08 01:17:00,Zurich,withdrawal,4367.44,USD,5642
2023-03-10 03:04:00,Zurich,deposit,1518.14,EUR,4694
2023-01-21 15:50:00,Zurich,transfer,3577.9,EUR,4746
2023-01-13 10:49:00,Basel,deposit,3168.33,CHF,9829
2023-02-13 05:21:00,Zurich,deposit,3199.68,EUR,4613
2023-03-08 02:20:00,Geneva,deposit,4658.11,EUR,6735
2023-03-07 10:28:00,Zurich,deposit,4610.3,EUR,4446
2023-03-09 01:38:00,Zurich,transfer,4858.53,CHF,5040
2023-01-27 22:43:00,Basel,withdrawal,443.65,CHF,3545
2023-02-21 23:44:00,Geneva,deposit,2100.79,EUR,6460
2023-02-05 04:47:00,Zurich,transfer,2262.88,CHF,6697
2023-03-01 14:32:00,Geneva,deposit,3996.19,USD,7811
2023-01-22 06:25:00,Lausanne,deposit,2403.3,USD,2700
2023-01-05 06:52:00,Zurich,deposit,1410.55,EUR,3974
2023-02-08 13:22:00,Bern,transfer,1777.69,CHF,3379
2023-01-05 19:59:00,Geneva,transfer,3032.37,USD,9930
2023-01-10 14:45:00,Zurich,withdrawal,3122.45,USD,6454
2023-02-11 09:23:00,Bern,deposit,1416.42,USD,6975
2023-03-06 12:02:00,Zurich,withdrawal,3094.56,USD,6257
2023-01-15 08:58:00,Zurich,withdrawal,538.22,CHF,9832
2023-01-15 03:06:00,Lausanne,withdrawal,510.18,USD,4198
2023-02-11 14:51:00,Geneva,transfer,1345.49,USD,2078
2023-01-04 15:53:00,Geneva,withdrawal,1624.98,CHF,3769
2023-01-07 03:22:00,Basel,withdrawal,1790.45,EUR,6923
2023-01-27 12:49:00,Zurich,withdrawal,728.74,CHF,2638
2023-02-06 19:51:00,Bern,withdrawal,379.1,USD,7103
2023-01-02 01:11:00,Basel,transfer,2540.7,USD,4715
2023-03-03 07:50:00,Geneva,withdrawal,3737.25,CHF,5543
2023-01-06 05:43:00,Zurich,deposit,3871.24,CHF,8169
2023-02-01 16:03:00,Bern,withdrawal,1766.96,USD,9001
2023-01-11 09:06:00,Zurich,withdrawal,4077.16,CHF,8976
2023-01-02 14:04:00,Lausanne,withdrawal,4006.41,EUR,8614
2023-01-13 16:52:00,Basel,transfer,2740.7,USD,9244
2023-03-11 04:11:00,Geneva,deposit,4976.33,EUR,3161
2023-02-07 17:30:00,Basel,transfer,4896.2,USD,1759
2023-01-10 12:16:00,Geneva,deposit,4903.59,USD,4432
2023-02-12 10:52:00,Bern,deposit,4537.67,CHF,2418
2023-01-21 14:01:00,Basel,transfer,108.5,EUR,1407
2023-01-14 20:53:00,Zurich,withdrawal,1010.26,USD,8215
2023-02-27 13:50:00,Lausanne,transfer,1918.79,USD,2594
2023-01-31 20:36:00,Zurich,transfer,2565.65,EUR,1355
2023-02-19 02:39:00,Bern,deposit,2991.03,EUR,3640
2023-02-10 16:15:00,Bern,transfer,4688.94,USD,1762
2023-01-14 06:44:00,Zurich,withdrawal,1561.58,USD,7755
2023-02-03 21:21:00,Bern,transfer,3399.48,USD,1580
2023-03-01 19:06:00,Lausanne,withdrawal,3782.12,USD,8123
2023-02-23 18:42:00,Lausanne,withdrawal,4446.54,CHF,9690
2023-01-06 00:49:00,Zurich,transfer,2011.28,EUR,4980
2023-03-05 08:55:00,Geneva,deposit,265.78,USD,2271
2023-03-03 13:59:00,Lausanne,deposit,1133.63,EUR,7689
2023-02-10 16:53:00,Bern,transfer,1979.41,USD,5188
2023-02-02 09:57:00,Zurich,transfer,3472.6,EUR,7919
2023-02-13 00:20:00,Geneva,deposit,692.63,CHF,3444
2023-01-20 17:30:00,Lausanne,deposit,1491.94,EUR,1605
2023-01-12 06:32:00,Geneva,deposit,2259.75,EUR,6031
2023-01-10 16:02:00,Lausanne,withdrawal,1361.04,USD,9505
2023-01-24 00:03:00,Geneva,deposit,3910.51,USD,6110
2023-01-09 21:36:00,Geneva,deposit,1223.73,EUR,4227
2023-01-22 02:19:00,Basel,withdrawal,2579.39,CHF,5639
2023-02-16 10:33:00,Lausanne,withdrawal,851.17,USD,5824
2023-01-30 22:12:00,Zurich,transfer,4711.07,EUR,8625
2023-01-24 18:40:00,Zurich,withdrawal,2124.32,USD,8728
2023-01-28 11:17:00,Zurich,deposit,813.71,EUR,4471
2023-01-09 18:06:00,Geneva,transfer,1603.91,USD,8159
2023-01-23 04:45:00,Bern,deposit,3124.15,USD,1847
2023-01-22 02:52:00,Lausanne,withdrawal,1566.46,CHF,5986
2023-01-10 18:32:00,Bern,transfer,4015.9,EUR,3332
2023-01-03 09:47:00,Geneva,transfer,2312.48,CHF,9958
2023-01-31 21:46:00,Lausanne,withdrawal,1843.16,EUR,4280
2023-02-28 01:20:00,Basel,transfer,862.86,CHF,6379
2023-02-02 06:32:00,Basel,transfer,1252.27,CHF,9107
2023-01-21 14:32:00,Basel,withdrawal,4344.02,CHF,8588
2023-03-07 07:22:00,Bern,deposit,1015.16,USD,4111
2023-03-04 14:16:00,Lausanne,withdrawal,4638.77,USD,2511
2023-02-06 20:15:00,Bern,deposit,359.29,EUR,4014
2023-01-07 00:26:00,Zurich,transfer,346.74,USD,1610
2023-02-25 00:07:00,Zurich,withdrawal,2248.65,USD,3125
2023-02-09 13:06:00,Lausanne,withdrawal,3362.25,CHF,1076
2023-01-03 23:49:00,Lausanne,transfer,816.66,CHF,5624
2023-01-03 17:25:00,Lausanne,deposit,2293.34,CHF,7871
2023-01-01 00:54:00,Geneva,withdrawal,3669.64,EUR,2363
2023-03-07 07:07:00,Geneva,withdrawal,4946.14,CHF,6522
2023-02-03 00:58:00,Basel,withdrawal,3576.44,EUR,2428
2023-01-12 08:36:00,Basel,deposit,1361.44,CHF,1634
2023-02-05 10:13:00,Geneva,transfer,940.47,CHF,6237
2023-02-24 20:17:00,Basel,withdrawal,3402.52,USD,7094
2023-01-29 00:37:00,Geneva,transfer,4101.25,EUR,8171
2023-02-01 07:36:00,Bern,deposit,2967.82,CHF,4943
2023-01-08 21:39:00,Geneva,withdrawal,941.18,USD,1988
2023-03-03 16:03:00,Lausanne,transfer,3229.74,CHF,4713
2023-03-03 10:59:00,Zurich,deposit,1928.18,CHF,8687
2023-02-17 04:26:00,Lausanne,deposit,1458.29,CHF,5823
2023-01-26 19:17:00,Geneva,withdrawal,675.06,CHF,8824
2023-01-08 12:11:00,Lausanne,deposit,285.54,EUR,1131
2023-02-26 10:16:00,Zurich,deposit,1093.62,CHF,3628
2023-03-05 19:14:00,Lausanne,deposit,1815.65,EUR,5881
2023-02-09 23:28:00,Basel,transfer,2835.39,CHF,4246
2023-03-07 23:06:00,Lausanne,withdrawal,4114.59,USD,3631
2023-01-28 12:38:00,Zurich,transfer,4420.44,USD,9077
2023-01-30 00:00:00,Geneva,transfer,4124.9,CHF,3873
2023-01-21 11:38:00,Geneva,deposit,1817.45,USD,3164
2023-02-03 17:12:00,Basel,deposit,2973.49,USD,5905
2023-02-07 09:26:00,Geneva,deposit,1981.25,EUR,1418
2023-02-21 21:38:00,Geneva,withdrawal,1477.15,EUR,6270
2023-01-02 20:30:00,Bern,transfer,1548.95,USD,6891
2023-02-25 00:55:00,Geneva,deposit,2814.66,USD,9805
2023-02-14 01:24:00,Bern,withdrawal,172.05,EUR,6691
2023-03-09 15:33:00,Bern,deposit,2618.25,USD,6818
2023-02-22 12:58:00,Bern,deposit,135.53,USD,3724
2023-02-10 06:27:00,Bern,deposit,939.56,CHF,9251
2023-01-18 04:35:00,Bern,transfer,4733.77,CHF,9793
2023-03-05 06:43:00,Geneva,transfer,2018.93,CHF,2829
2023-01-23 18:10:00,Basel,deposit,4081.68,EUR,5358
2023-02-02 01:40:00,Lausanne,withdrawal,2332.78,CHF,3838
2023-03-01 04:00:00,Basel,transfer,264.34,EUR,9253
2023-02-03 22:29:00,Basel,withdrawal,1826.22,USD,7869
2023-01-14 16:48:00,Zurich,withdrawal,2414.93,USD,1345
2023-02-02 22:52:00,Geneva,deposit,874.9,EUR,5932
2023-01-21 12:52:00,Geneva,deposit,1009.52,EUR,1823
2023-02-14 06:20:00,Geneva,deposit,2191.18,CHF,5000
2023-01-09 05:53:00,Geneva,withdrawal,3196.7,EUR,5874
2023-02-23 03:44:00,Zurich,withdrawal,2239.33,USD,5095
2023-02-20 23:41:00,Lausanne,withdrawal,3098.37,CHF,3571
2023-01-17 04:35:00,Lausanne,transfer,1347.15,EUR,6320
2023-01-29 05:32:00,Zurich,transfer,713.05,USD,6655
2023-03-08 22:18:00,Basel,deposit,936.55,CHF,2434
2023-01-23 12:29:00,Lausanne,deposit,3632.77,USD,7667
2023-01-12 04:59:00,Geneva,transfer,3523.62,CHF,4569
2023-02-20 13:13:00,Bern,withdrawal,1182.84,EUR,8355
2023-01-16 02:48:00,Bern,deposit,1936.28,EUR,5777
2023-01-18 01:29:00,Lausanne,withdrawal,2989.49,CHF,1643
2023-03-03 13:51:00,Basel,withdrawal,2600.58,USD,6435
2023-01-30 14:57:00,Basel,deposit,1366.24,USD,2249
2023-01-09 11:52:00,Basel,transfer,2306.28,EUR,5613
2023-02-04 15:53:00,Bern,transfer,2426.32,USD,2881
2023-02-27 15:23:00,Geneva,withdrawal,1855.33,EUR,1117
2023-02-07 21:49:00,Bern,deposit,1041.14,EUR,9964
2023-02-02 09:04:00,Basel,withdrawal,4168.28,EUR,4182
2023-02-05 17:19:00,Geneva,deposit,1093.76,CHF,8168
2023-02-03 22:16:00,Lausanne,withdrawal,1624.47,USD,8996
2023-01-10 10:30:00,Zurich,withdrawal,513.88,USD,5789
2023-02-16 21:45:00,Bern,deposit,3914.05,USD,9597
2023-03-02 14:30:00,Geneva,transfer,2546.83,USD,7048
2023-02-08 11:48:00,Zurich,withdrawal,3107.16,EUR,7980
2023-01-24 00:31:00,Basel,transfer,3582.82,CHF,4801
2023-01-25 22:08:00,Zurich,transfer,4151.2,CHF,1780
2023-01-14 12:16:00,Lausanne,withdrawal,3056.5,CHF,7279
2023-02-12 20:45:00,Bern,deposit,3035.13,EUR,9522
2023-02-15 12:37:00,Basel,deposit,3423.79,USD,4045
2023-02-28 18:38:00,Lausanne,withdrawal,4882.64,USD,7297
2023-01-28 00:40:00,Basel,withdrawal,1639.96,CHF,2126
2023-01-12 12:26:00,Zurich,transfer,649.83,USD,8125
2023-01-17 04:12:00,Basel,withdrawal,3213.08,EUR,6764
2023-01-19 16:04:00,Lausanne,transfer,2555.17,EUR,2275
2023-02-24 09:55:00,Geneva,deposit,1767.82,CHF,2521
2023-02-16 18:05:00,Lausanne,withdrawal,2502.36,EUR,2563
2023-02-11 16:23:00,Lausanne,withdrawal,3736.55,CHF,3867
2023-01-15 00:18:00,Geneva,deposit,1308.0,CHF,8714
2023-02-03 02:05:00,Zurich,withdrawal,1377.92,USD,3825
2023-02-06 16:40:00,Zurich,deposit,3111.0,USD,6526
2023-02-17 10:07:00,Bern,withdrawal,4010.53,CHF,6767
2023-02-07 19:19:00,Lausanne,withdrawal,1184.64,USD,8125
2023-02-19 11:58:00,Geneva,deposit,1371.8,EUR,9908
2023-01-12 07:53:00,Lausanne,transfer,1268.89,CHF,6822
2023-01-27 22:36:00,Zurich,deposit,2168.5,EUR,9682
2023-01-02 14:54:00,Zurich,transfer,3224.13,CHF,1067
2023-03-10 04:17:00,Zurich,deposit,3330.7,EUR,9498
2023-01-31 06:13:00,Geneva,deposit,2815.46,USD,5848
2023-01-10 00:39:00,Lausanne,transfer,3437.03,CHF,1620
2023-03-08 21:42:00,Basel,withdrawal,417.2,USD,1354
2023-01-16 15:53:00,Zurich,deposit,2893.09,CHF,6813
2023-01-24 19:42:00,Zurich,transfer,2355.4,CHF,5554
2023-01-20 11:49:00,Zurich,withdrawal,2146.01,EUR,1416
2023-02-16 04:05:00,Bern,transfer,4065.38,USD,2613
2023-03-10 07:55:00,Bern,deposit,3738.4,EUR,8104
2023-01-28 01:50:00,Geneva,withdrawal,2459.92,EUR,8178
2023-02-09 05:43:00,Geneva,transfer,4818.11,USD,4249
2023-03-08 15:12:00,Bern,deposit,1502.39,CHF,5657
2023-01-18 15:42:00,Basel,deposit,1904.68,EUR,5969
2023-01-28 14:51:00,Basel,withdrawal,3821.87,EUR,6965
2023-01-29 00:31:00,Zurich,transfer,1764.1,CHF,7693
2023-01-14 08:45:00,Zurich,transfer,4648.79,EUR,7770
2023-03-03 18:34:00,Lausanne,deposit,1801.59,USD,6321
2023-03-11 06:50:00,Zurich,transfer,4169.63,CHF,5541
2023-01-25 17:34:00,Zurich,withdrawal,1698.34,CHF,1667
2023-01-26 00:30:00,Lausanne,withdrawal,747.69,USD,6253
2023-02-09 14:53:00,Geneva,withdrawal,4251.15,USD,8328
2023-01-09 03:12:00,Zurich,deposit,3444.31,EUR,6274
2023-01-04 15:20:00,Basel,withdrawal,3636.99,EUR,3302
2023-02-03 08:33:00,Basel,deposit,2792.64,CHF,4939
2023-01-22 11:25:00,Basel,transfer,841.18,EUR,9334
2023-02-16 19:32:00,Geneva,withdrawal,1112.61,USD,1050
2023-02-11 21:14:00,Lausanne,withdrawal,3952.31,CHF,9047
2023-03-03 22:58:00,Bern,withdrawal,4520.95,EUR,3502
2023-01-07 10:16:00,Lausanne,deposit,1447.27,EUR,3349
2023-01-10 21:49:00,Basel,transfer,1199.47,CHF,4268
2023-02-24 19:47:00,Lausanne,transfer,750.08,CHF,6496
2023-02-15 19:51:00,Lausanne,transfer,2695.24,CHF,6356
2023-02-21 22:01:00,Zurich,deposit,875.63,CHF,5673
2023-01-09 00:59:00,Basel,transfer,1301.6,USD,8511
2023-01-14 12:28:00,Basel,withdrawal,199.21,CHF,8464
2023-03-07 16:32:00,Zurich,withdrawal,4733.55,USD,5593
2023-01-12 05:46:00,Bern,deposit,2508.1,USD,2474
2023-02-07 02:46:00,Lausanne,withdrawal,2357.99,USD,9850
2023-01-03 06:51:00,Bern,withdrawal,1577.22,USD,6259
2023-01-15 10:02:00,Basel,transfer,2299.91,USD,4816
2023-02-24 09:47:00,Basel,transfer,4370.5,USD,8724
2023-01-25 12:11:00,Lausanne,deposit,3572.41,CHF,6982
2023-02-17 07:40:00,Lausanne,transfer,4492.82,CHF,2443
2023-02-20 10:03:00,Geneva,deposit,2721.12,USD,2883
2023-03-09 08:28:00,Zurich,withdrawal,3549.36,USD,6079
2023-02-03 23:08:00,Bern,transfer,2640.49,USD,7867
2023-01-07 04:58:00,Geneva,withdrawal,4934.11,EUR,9726
2023-02-16 00:48:00,Lausanne,deposit,1633.1,USD,6088
2023-02-19 18:41:00,Bern,deposit,1414.92,USD,4205
2023-01-16 19:29:00,Lausanne,transfer,914.48,EUR,8860
2023-02-01 21:35:00,Geneva,transfer,3026.68,USD,9847
2023-01-15 05:00:00,Zurich,withdrawal,2739.04,CHF,2321
2023-02-07 08:29:00,Basel,deposit,3277.65,CHF,1631
2023-01-29 19:57:00,Geneva,withdrawal,3193.25,EUR,2448
2023-03-10 23:55:00,Basel,transfer,1080.06,EUR,9058
2023-01-17 22:16:00,Lausanne,transfer,4349.5,EUR,3531
2023-03-02 10:33:00,Bern,transfer,3194.26,EUR,3196
2023-02-14 08:23:00,Basel,withdrawal,4866.09,USD,6399
2023-03-09 01:28:00,Zurich,withdrawal,2562.28,USD,2190
2023-01-08 02:25:00,Bern,withdrawal,3645.95,CHF,7507
2023-01-01 06:56:00,Basel,transfer,1107.44,EUR,8051
2023-01-03 05:23:00,Lausanne,transfer,143.15,CHF,8799
2023-02-27 03:59:00,Zurich,deposit,3342.58,EUR,7479
2023-02-17 23:09:00,Basel,withdrawal,4432.06,EUR,4819
2023-01-03 14:34:00,Bern,withdrawal,2978.61,CHF,3716
2023-03-04 21:58:00,Bern,transfer,4252.53,USD,3595
2023-02-16 03:07:00,Bern,deposit,821.17,EUR,5870
2023-03-04 09:46:00,Lausanne,withdrawal,3021.99,EUR,5554
2023-01-19 11:53:00,Lausanne,deposit,2673.74,CHF,8561
2023-01-21 09:02:00,Bern,withdrawal,2818.71,CHF,3338
2023-02-14 07:17:00,Geneva,deposit,4801.82,CHF,4857
2023-01-04 03:18:00,Geneva,transfer,1684.14,EUR,9315
2023-02-02 03:51:00,Bern,transfer,2445.11,EUR,6634
2023-01-13 02:18:00,Basel,deposit,3539.77,USD,3949
2023-02-01 01:47:00,Lausanne,deposit,2572.4,CHF,4972
2023-01-03 02:26:00,Bern,deposit,2270.09,CHF,5051
2023-02-14 06:32:00,Zurich,deposit,4493.29,EUR,2840
2023-01-16 23:19:00,Zurich,transfer,1429.06,USD,4422
2023-01-19 22:52:00,Geneva,transfer,517.54,CHF,8292
2023-02-16 01:46:00,Zurich,deposit,2947.96,EUR,8297
2023-02-07 02:03:00,Bern,deposit,1211.51,CHF,3911
2023-01-25 21:18:00,Geneva,transfer,4928.73,EUR,3687
2023-02-05 02:29:00,Zurich,transfer,1027.1,CHF,7188
2023-01-26 20:47:00,Bern,withdrawal,2555.79,EUR,8395
2023-02-14 09:55:00,Geneva,deposit,3722.8,USD,6664
2023-01-13 22:05:00,Lausanne,withdrawal,2680.56,USD,1478
2023-03-10 13:56:00,Geneva,transfer,2437.61,CHF,3673
2023-01-25 15:22:00,Geneva,transfer,2874.96,USD,3903
2023-02-02 06:59:00,Zurich,withdrawal,4505.08,EUR,7858
2023-02-14 01:31:00,Basel,deposit,421.23,CHF,1282
2023-01-20 04:04:00,Basel,withdrawal,268.67,USD,9520
2023-01-21 19:36:00,Zurich,deposit,3007.2,EUR,6396
2023-02-26 09:08:00,Zurich,withdrawal,4593.9,EUR,4873
2023-02-27 19:11:00,Basel,transfer,2311.83,CHF,9524
2023-01-15 08:55:00,Geneva,withdrawal,3982.46,CHF,3374
2023-02-18 10:32:00,Bern,withdrawal,1826.19,USD,9220
2023-02-24 10:42:00,Basel,deposit,4700.21,CHF,7472
2023-02-03 04:44:00,Basel,transfer,4057.71,CHF,3791
2023-01-01 15:46:00,Zurich,deposit,219.92,EUR,2689
2023-02-15 11:46:00,Lausanne,deposit,2338.88,USD,6289
2023-01-14 11:16:00,Zurich,deposit,3196.56,EUR,5998
2023-02-26 03:29:00,Geneva,withdrawal,1632.39,CHF,3497
2023-03-05 18:10:00,Lausanne,deposit,2709.07,CHF,6828
2023-02-25 00:41:00,Bern,withdrawal,4485.11,CHF,8131
2023-02-27 13:56:00,Geneva,transfer,2328.3,USD,5407
2023-01-06 21:22:00,Basel,withdrawal,2336.48,EUR,5736
2023-02-27 01:38:00,Geneva,transfer,1027.9,USD,9057
2023-02-09 23:42:00,Basel,transfer,2888.28,CHF,9361
2023-01-29 15:33:00,Bern,deposit,4628.38,EUR,1711
2023-02-13 00:42:00,Bern,withdrawal,2531.54,USD,5770
2023-01-31 22:04:00,Zurich,deposit,2393.86,EUR,5039
2023-02-17 16:17:00,Geneva,deposit,4996.19,EUR,1337
2023-01-28 06:52:00,Basel,withdrawal,4325.29,CHF,1973
2023-01-13 10:33:00,Bern,deposit,4563.62,USD,5786
2023-01-11 16:52:00,Bern,deposit,1323.84,CHF,1065
2023-01-22 21:09:00,Lausanne,transfer,2939.33,EUR,1271
2023-01-20 15:53:00,Lausanne,transfer,4505.87,USD,8786
2023-01-28 09:02:00,Basel,transfer,436.58,CHF,1790
2023-02-17 05:05:00,Basel,transfer,1395.3,USD,4408
2023-03-05 04:12:00,Lausanne,transfer,3186.65,USD,7922
2023-01-18 09:14:00,Bern,transfer,921.67,USD,9209
2023-01-10 12:40:00,Bern,deposit,1047.44,USD,9584
2023-01-19 08:45:00,Bern,deposit,1432.14,USD,7631
2023-01-17 06:44:00,Zurich,transfer,3611.65,EUR,9200
2023-01-17 00:41:00,Zurich,transfer,2186.73,CHF,5541
2023-01-26 22:47:00,Bern,transfer,1196.89,EUR,8056
2023-01-23 02:58:00,Basel,transfer,1768.97,USD,6988
2023-01-07 11:44:00,Zurich,withdrawal,3614.15,CHF,9144
2023-01-11 19:41:00,Basel,withdrawal,763.57,EUR,4291
2023-01-07 04:33:00,Zurich,deposit,2821.25,EUR,1732
2023-03-08 00:50:00,Basel,withdrawal,455.35,EUR,3025
2023-01-14 07:14:00,Bern,withdrawal,2388.01,USD,9625
2023-02-20 06:32:00,Lausanne,withdrawal,3025.86,CHF,5032
2023-02-09 13:49:00,Zurich,withdrawal,4172.7,USD,6459
2023-02-27 07:22:00,Basel,withdrawal,845.02,EUR,5013
2023-02-24 17:36:00,Bern,withdrawal,3259.13,USD,1547
2023-03-09 03:56:00,Basel,deposit,4045.6,CHF,8324
2023-02-12 16:19:00,Lausanne,withdrawal,1176.26,EUR,6734
2023-01-30 16:00:00,Zurich,deposit,915.53,CHF,3230
2023-01-27 15:37:00,Basel,transfer,4797.13,CHF,3084
2023-01-14 15:44:00,Basel,deposit,2090.97,EUR,9695
2023-02-21 13:16:00,Basel,transfer,2145.35,USD,3815
2023-02-19 14:31:00,Zurich,withdrawal,2353.14,EUR,2350
2023-01-05 15:58:00,Lausanne,deposit,1331.18,CHF,6177
2023-03-10 02:19:00,Basel,withdrawal,3440.42,USD,6340
2023-01-17 23:34:00,Bern,deposit,4818.8,USD,5061
2023-01-08 09:56:00,Bern,deposit,2912.3,CHF,9696
2023-02-20 07:59:00,Geneva,transfer,2009.37,EUR,4088
2023-01-17 13:54:00,Lausanne,withdrawal,4457.19,CHF,2670
2023-03-03 00:34:00,Zurich,deposit,1744.14,CHF,7984
2023-02-19 04:06:00,Bern,deposit,4800.94,EUR,5550
2023-01-11 05:46:00,Basel,deposit,920.97,USD,3208
2023-02-27 00:06:00,Bern,deposit,4358.31,USD,7870
2023-01-18 06:20:00,Geneva,transfer,4609.01,CHF,7667
2023-01-04 02:02:00,Lausanne,withdrawal,1496.48,EUR,2232
2023-03-01 03:34:00,Geneva,deposit,3000.07,EUR,6809
2023-01-18 14:04:00,Zurich,withdrawal,344.5,EUR,9601
2023-01-19 07:49:00,Lausanne,transfer,429.77,CHF,3623
2023-02-03 11:54:00,Bern,withdrawal,867.88,EUR,7601
2023-01-25 17:04:00,Lausanne,transfer,2048.89,EUR,1179
2023-01-12 20:03:00,Zurich,transfer,838.8,EUR,2654
2023-01-08 17:49:00,Geneva,deposit,3075.05,CHF,6566
2023-02-04 11:10:00,Geneva,deposit,4741.1,CHF,7612
2023-02-18 05:27:00,Basel,withdrawal,1046.13,EUR,4732
2023-03-09 15:26:00,Basel,deposit,3526.48,EUR,5964
2023-01-30 14:00:00,Basel,deposit,674.38,CHF,5401
2023-02-14 09:43:00,Geneva,withdrawal,3421.94,USD,2348
2023-01-23 09:49:00,Basel,transfer,309.09,EUR,7272
2023-01-05 19:36:00,Bern,deposit,1581.65,CHF,7781
2023-02-17 21:56:00,Geneva,withdrawal,3433.84,CHF,3390
2023-03-01 12:46:00,Basel,deposit,1683.96,CHF,2162
2023-01-07 09:43:00,Lausanne,transfer,3970.02,USD,5329
2023-03-03 13:29:00,Lausanne,deposit,4131.63,USD,6592
2023-03-02 20:35:00,Zurich,transfer,167.54,USD,5748
2023-01-29 18:47:00,Geneva,withdrawal,3701.48,CHF,9323
2023-02-10 03:22:00,Zurich,deposit,3530.1,USD,5698
2023-02-10 04:36:00,Zurich,transfer,1108.4,EUR,1955
2023-01-24 17:11:00,Zurich,deposit,3492.95,EUR,4787
2023-03-02 21:32:00,Geneva,deposit,957.89,EUR,3670
2023-02-11 01:26:00,Basel,deposit,267.52,EUR,2937
2023-02-09 11:57:00,Zurich,withdrawal,3443.91,USD,4116
2023-02-01 03:21:00,Zurich,withdrawal,2140.71,USD,6668
2023-02-15 22:53:00,Zurich,deposit,4855.25,CHF,6773
2023-01-31 11:49:00,Basel,transfer,2828.43,CHF,8264
2023-02-28 19:36:00,Geneva,withdrawal,3480.64,EUR,4205
2023-01-28 12:31:00,Geneva,withdrawal,2017.5,CHF,9405
2023-01-02 11:32:00,Geneva,deposit,3356.88,CHF,5825
2023-01-18 05:29:00,Basel,deposit,2251.27,USD,6666
2023-01-20 20:31:00,Geneva,deposit,2720.06,USD,2527
2023-01-16 00:48:00,Geneva,transfer,1305.04,USD,2917
2023-01-23 17:28:00,Basel,withdrawal,2232.56,EUR,4427
2023-02-01 06:44:00,Geneva,deposit,4996.31,CHF,5650
2023-02-20 17:59:00,Bern,transfer,2107.06,CHF,2052
2023-02-09 21:31:00,Bern,deposit,2507.3,USD,5184
2023-01-09 08:52:00,Bern,deposit,1141.77,USD,6426
2023-03-06 14:51:00,Basel,transfer,1859.32,CHF,9553
2023-01-31 09:27:00,Bern,withdrawal,2830.73,CHF,6787
2023-03-02 12:59:00,Geneva,withdrawal,335.62,USD,8566
2023-02-07 10:31:00,Bern,deposit,1874.16,EUR,3370
2023-02-15 15:06:00,Basel,deposit,1705.22,USD,1864
2023-01-06 15:44:00,Lausanne,transfer,234.38,EUR,6657
2023-01-16 14:12:00,Zurich,withdrawal,4388.96,USD,4055
2023-03-09 09:57:00,Geneva,withdrawal,264.77,CHF,2389
2023-02-27 14:58:00,Bern,withdrawal,4817.1,EUR,1236
2023-02-02 09:31:00,Geneva,transfer,3110.16,CHF,5044
2023-01-27 21:15:00,Geneva,transfer,4955.03,CHF,1016
2023-03-10 19:36:00,Bern,deposit,4545.11,USD,1333
2023-02-10 18:26:00,Basel,transfer,4401.44,CHF,4864
2023-02-09 13:44:00,Basel,withdrawal,3318.56,USD,8297
2023-01-28 21:40:00,Geneva,transfer,2335.34,CHF,3931
2023-02-05 05:03:00,Zurich,withdrawal,3313.63,USD,4517
2023-03-10 02:42:00,Basel,transfer,4727.99,CHF,1151
2023-02-25 01:14:00,Lausanne,withdrawal,1354.54,USD,9146
2023-01-10 22:49:00,Bern,transfer,188.53,USD,9290
2023-01-13 06:10:00,Geneva,deposit,2780.94,EUR,6063
2023-01-26 17:03:00,Bern,withdrawal,4583.11,EUR,6750
2023-02-18 14:43:00,Geneva,deposit,2590.36,CHF,8072
2023-01-27 06:04:00,Lausanne,transfer,3281.3,EUR,5067
2023-02-21 14:03:00,Zurich,transfer,1197.12,CHF,3907
2023-01-21 15:21:00,Bern,transfer,4165.46,USD,2180
2023-02-10 17:37:00,Basel,deposit,3504.12,EUR,6920
2023-02-28 00:11:00,Basel,deposit,1211.75,USD,7562
2023-01-25 12:16:00,Lausanne,deposit,4071.15,CHF,3825
2023-02-14 00:06:00,Bern,transfer,4885.14,EUR,6537
2023-02-10 00:44:00,Bern,withdrawal,3106.43,EUR,7033
2023-03-08 14:20:00,Zurich,withdrawal,2899.59,USD,8212
2023-01-14 09:06:00,Basel,transfer,3920.92,CHF,4480
2023-01-28 06:05:00,Bern,withdrawal,2112.39,CHF,8138
2023-03-02 15:51:00,Bern,deposit,2183.03,USD,8137
2023-02-02 14:22:00,Bern,transfer,2256.62,CHF,3156
2023-01-26 06:24:00,Basel,deposit,1454.2,CHF,8138
2023-02-23 11:34:00,Basel,transfer,2697.38,EUR,1904
2023-01-29 01:46:00,Zurich,withdrawal,3538.79,USD,5832
2023-02-11 03:01:00,Zurich,deposit,2819.4,USD,4917
2023-01-03 18:13:00,Geneva,withdrawal,2885.73,EUR,3692
2023-03-01 13:41:00,Bern,withdrawal,4469.5,CHF,4964
2023-02-13 16:01:00,Basel,transfer,2551.12,EUR,5261
2023-02-17 06:30:00,Lausanne,withdrawal,4509.53,EUR,1722
2023-03-06 05:44:00,Bern,transfer,2596.19,CHF,6979
2023-01-03 02:57:00,Lausanne,transfer,2522.25,USD,3624
2023-01-02 14:13:00,Basel,withdrawal,3034.98,USD,2516
2023-01-06 15:00:00,Bern,transfer,2916.43,EUR,7231
2023-01-11 10:15:00,Basel,withdrawal,4320.69,CHF,4744
2023-01-29 13:21:00,Zurich,deposit,2971.22,USD,5656
2023-02-17 17:04:00,Lausanne,withdrawal,4673.54,CHF,7900
2023-01-18 15:28:00,Zurich,deposit,2144.12,EUR,5792
2023-01-26 05:25:00,Bern,withdrawal,1055.51,EUR,2936
2023-02-04 10:25:00,Lausanne,deposit,171.89,CHF,3084
2023-01-06 18:14:00,Basel,transfer,2316.86,CHF,3042
2023-01-30 13:38:00,Basel,transfer,3293.19,EUR,3366
2023-02-27 15:18:00,Bern,transfer,4777.21,USD,2738
2023-02-27 13:52:00,Geneva,transfer,1182.07,EUR,3072
